C1, 0603, 11.75, 22.80, T, 270, 10uF
C2, 0603, 350.24, 50.28, T, 180, 0.1uF
C3, 0603, 350.24, 44.56, T,   0, 0.1uF
C4, 0603, 27.50, 19.00, T, 180, 4.7uF
C5, 0603, 24.00, 19.00, T,   0, 100pF
C6, 0603, 27.61, 21.67, T, 270, 1.0uF
C7, 0603, 10.00, 22.80, T, 270, 1.0uF
C8, 0603,  8.25, 22.80, T,  90, 1.0uF
C9, 0603, 20.86, 21.67, T,  90, 0.1uF
D1, WS2812B, 313.25, 208.25, T,   0, WS2812B
D2, WS2812B, 28.25, 208.25, T,   0, WS2812B
D3, WS2812B, 43.25, 208.25, T,   0, WS2812B
D4, WS2812B, 58.25, 208.25, T,   0, WS2812B
D5, WS2812B, 73.25, 208.25, T,   0, WS2812B
D6, WS2812B, 88.25, 208.25, T,   0, WS2812B
D7, WS2812B, 103.25, 208.25, T,   0, WS2812B
D8, WS2812B, 118.25, 208.25, T,   0, WS2812B
D9, WS2812B, 133.25, 208.25, T,   0, WS2812B
D10, WS2812B, 148.25, 208.25, T,   0, WS2812B
D14, WS2812B, 208.25, 208.25, T,   0, WS2812B
D15, WS2812B, 223.25, 208.25, T,   0, WS2812B
D16, WS2812B, 238.25, 208.25, T,   0, WS2812B
D17, WS2812B, 253.25, 208.25, T,   0, WS2812B
D18, WS2812B, 268.25, 208.25, T,   0, WS2812B
D19, WS2812B, 283.25, 208.25, T,   0, WS2812B
D20, WS2812B, 298.25, 208.25, T,   0, WS2812B
D21, WS2812B, 13.25, 58.25, T,   0, WS2812B
D22, WS2812B, 13.25, 193.25, T,   0, WS2812B
D23, WS2812B, 28.25, 193.25, T,   0, WS2812B
D24, WS2812B, 43.25, 193.25, T,   0, WS2812B
D25, WS2812B, 58.25, 193.25, T,   0, WS2812B
D26, WS2812B, 73.25, 193.25, T,   0, WS2812B
D27, WS2812B, 88.25, 193.25, T,   0, WS2812B
D28, WS2812B, 103.25, 193.25, T,   0, WS2812B
D29, WS2812B, 118.25, 193.25, T,   0, WS2812B
D30, WS2812B, 133.25, 193.25, T,   0, WS2812B
D31, WS2812B, 148.25, 193.25, T,   0, WS2812B
D32, WS2812B, 163.25, 193.25, T,   0, WS2812B
D33, WS2812B, 178.25, 193.25, T,   0, WS2812B
D34, WS2812B, 193.25, 193.25, T,   0, WS2812B
D35, WS2812B, 208.25, 193.25, T,   0, WS2812B
D36, WS2812B, 223.25, 193.25, T,   0, WS2812B
D37, WS2812B, 238.25, 193.25, T,   0, WS2812B
D38, WS2812B, 253.25, 193.25, T,   0, WS2812B
D39, WS2812B, 268.25, 193.25, T,   0, WS2812B
D40, WS2812B, 283.25, 193.25, T,   0, WS2812B
D41, WS2812B, 298.25, 193.25, T,   0, WS2812B
D42, WS2812B, 313.25, 193.25, T,   0, WS2812B
D43, WS2812B, 13.25, 178.25, T,   0, WS2812B
D44, WS2812B, 28.25, 178.25, T,   0, WS2812B
D45, WS2812B, 43.25, 178.25, T,   0, WS2812B
D46, WS2812B, 58.25, 178.25, T,   0, WS2812B
D47, WS2812B, 73.25, 178.25, T,   0, WS2812B
D48, WS2812B, 88.25, 178.25, T,   0, WS2812B
D49, WS2812B, 103.25, 178.25, T,   0, WS2812B
D50, WS2812B, 118.25, 178.25, T,   0, WS2812B
D51, WS2812B, 133.25, 178.25, T,   0, WS2812B
D52, WS2812B, 148.25, 178.25, T,   0, WS2812B
D53, WS2812B, 163.25, 178.25, T,   0, WS2812B
D54, WS2812B, 178.25, 178.25, T,   0, WS2812B
D55, WS2812B, 193.25, 178.25, T,   0, WS2812B
D56, WS2812B, 208.25, 178.25, T,   0, WS2812B
D57, WS2812B, 223.25, 178.25, T,   0, WS2812B
D58, WS2812B, 238.25, 178.25, T,   0, WS2812B
D59, WS2812B, 253.25, 178.25, T,   0, WS2812B
D60, WS2812B, 268.25, 178.25, T,   0, WS2812B
D61, WS2812B, 283.25, 178.25, T,   0, WS2812B
D62, WS2812B, 298.25, 178.25, T,   0, WS2812B
D63, WS2812B, 313.25, 178.25, T,   0, WS2812B
D64, WS2812B, 13.25, 163.25, T,   0, WS2812B
D65, WS2812B, 28.25, 163.25, T,   0, WS2812B
D66, WS2812B, 43.25, 163.25, T,   0, WS2812B
D67, WS2812B, 58.25, 163.25, T,   0, WS2812B
D68, WS2812B, 73.25, 163.25, T,   0, WS2812B
D69, WS2812B, 88.25, 163.25, T,   0, WS2812B
D70, WS2812B, 103.25, 163.25, T,   0, WS2812B
D71, WS2812B, 118.25, 163.25, T,   0, WS2812B
D72, WS2812B, 133.25, 163.25, T,   0, WS2812B
D73, WS2812B, 148.25, 163.25, T,   0, WS2812B
D74, WS2812B, 163.25, 163.25, T,   0, WS2812B
D75, WS2812B, 178.25, 163.25, T,   0, WS2812B
D76, WS2812B, 193.25, 163.25, T,   0, WS2812B
D77, WS2812B, 208.25, 163.25, T,   0, WS2812B
D78, WS2812B, 223.25, 163.25, T,   0, WS2812B
D79, WS2812B, 238.25, 163.25, T,   0, WS2812B
D80, WS2812B, 253.25, 163.25, T,   0, WS2812B
D81, WS2812B, 268.25, 163.25, T,   0, WS2812B
D82, WS2812B, 283.25, 163.25, T,   0, WS2812B
D83, WS2812B, 298.25, 163.25, T,   0, WS2812B
D84, WS2812B, 343.25, 163.25, T,   0, WS2812B
D85, WS2812B, 13.25, 148.25, T,   0, WS2812B
D86, WS2812B, 28.25, 148.25, T,   0, WS2812B
D87, WS2812B, 43.25, 148.25, T,   0, WS2812B
D88, WS2812B, 58.25, 148.25, T,   0, WS2812B
D89, WS2812B, 73.25, 148.25, T,   0, WS2812B
D90, WS2812B, 88.25, 148.25, T,   0, WS2812B
D91, WS2812B, 103.25, 148.25, T,   0, WS2812B
D92, WS2812B, 118.25, 148.25, T,   0, WS2812B
D93, WS2812B, 133.25, 148.25, T,   0, WS2812B
D94, WS2812B, 148.25, 148.25, T,   0, WS2812B
D95, WS2812B, 163.25, 148.25, T,   0, WS2812B
D96, WS2812B, 178.25, 148.25, T,   0, WS2812B
D97, WS2812B, 193.25, 148.25, T,   0, WS2812B
D98, WS2812B, 208.25, 148.25, T,   0, WS2812B
D99, WS2812B, 223.25, 148.25, T,   0, WS2812B
D100, WS2812B, 238.25, 148.25, T,   0, WS2812B
D101, WS2812B, 253.25, 148.25, T,   0, WS2812B
D102, WS2812B, 268.25, 148.25, T,   0, WS2812B
D103, WS2812B, 283.25, 148.25, T,   0, WS2812B
D104, WS2812B, 298.25, 148.25, T,   0, WS2812B
D105, WS2812B, 313.25, 148.25, T,   0, WS2812B
D106, WS2812B, 13.25, 133.25, T,   0, WS2812B
D107, WS2812B, 28.25, 133.25, T,   0, WS2812B
D108, WS2812B, 43.25, 133.25, T,   0, WS2812B
D109, WS2812B, 58.25, 133.25, T,   0, WS2812B
D110, WS2812B, 73.25, 133.25, T,   0, WS2812B
D111, WS2812B, 88.25, 133.25, T,   0, WS2812B
D112, WS2812B, 103.25, 133.25, T,   0, WS2812B
D113, WS2812B, 118.25, 133.25, T,   0, WS2812B
D114, WS2812B, 133.25, 133.25, T,   0, WS2812B
D115, WS2812B, 148.25, 133.25, T,   0, WS2812B
D116, WS2812B, 163.25, 133.25, T,   0, WS2812B
D117, WS2812B, 178.25, 133.25, T,   0, WS2812B
D118, WS2812B, 193.25, 133.25, T,   0, WS2812B
D119, WS2812B, 208.25, 133.25, T,   0, WS2812B
D120, WS2812B, 223.25, 133.25, T,   0, WS2812B
D121, WS2812B, 238.25, 133.25, T,   0, WS2812B
D122, WS2812B, 253.25, 133.25, T,   0, WS2812B
D123, WS2812B, 268.25, 133.25, T,   0, WS2812B
D124, WS2812B, 283.25, 133.25, T,   0, WS2812B
D125, WS2812B, 298.25, 133.25, T,   0, WS2812B
D126, WS2812B, 313.25, 133.25, T,   0, WS2812B
D127, WS2812B, 13.25, 118.25, T,   0, WS2812B
D128, WS2812B, 28.25, 118.25, T,   0, WS2812B
D129, WS2812B, 43.25, 118.25, T,   0, WS2812B
D130, WS2812B, 58.25, 118.25, T,   0, WS2812B
D131, WS2812B, 73.25, 118.25, T,   0, WS2812B
D132, WS2812B, 88.25, 118.25, T,   0, WS2812B
D133, WS2812B, 103.25, 118.25, T,   0, WS2812B
D134, WS2812B, 118.25, 118.25, T,   0, WS2812B
D135, WS2812B, 133.25, 118.25, T,   0, WS2812B
D136, WS2812B, 148.25, 118.25, T,   0, WS2812B
D137, WS2812B, 163.25, 118.25, T,   0, WS2812B
D138, WS2812B, 178.25, 118.25, T,   0, WS2812B
D139, WS2812B, 193.25, 118.25, T,   0, WS2812B
D140, WS2812B, 208.25, 118.25, T,   0, WS2812B
D141, WS2812B, 223.25, 118.25, T,   0, WS2812B
D142, WS2812B, 238.25, 118.25, T,   0, WS2812B
D143, WS2812B, 253.25, 118.25, T,   0, WS2812B
D144, WS2812B, 268.25, 118.25, T,   0, WS2812B
D145, WS2812B, 283.25, 118.25, T,   0, WS2812B
D146, WS2812B, 298.25, 118.25, T,   0, WS2812B
D147, WS2812B, 313.25, 118.25, T,   0, WS2812B
D148, WS2812B, 13.25, 103.25, T,   0, WS2812B
D149, WS2812B, 28.25, 103.25, T,   0, WS2812B
D150, WS2812B, 43.25, 103.25, T,   0, WS2812B
D151, WS2812B, 58.25, 103.25, T,   0, WS2812B
D152, WS2812B, 73.25, 103.25, T,   0, WS2812B
D153, WS2812B, 88.25, 103.25, T,   0, WS2812B
D154, WS2812B, 103.25, 103.25, T,   0, WS2812B
D155, WS2812B, 118.25, 103.25, T,   0, WS2812B
D156, WS2812B, 133.25, 103.25, T,   0, WS2812B
D157, WS2812B, 148.25, 103.25, T,   0, WS2812B
D158, WS2812B, 163.25, 103.25, T,   0, WS2812B
D159, WS2812B, 178.25, 103.25, T,   0, WS2812B
D160, WS2812B, 193.25, 103.25, T,   0, WS2812B
D161, WS2812B, 238.25, 103.25, T,   0, WS2812B
D162, WS2812B, 253.25, 103.25, T,   0, WS2812B
D163, WS2812B, 268.25, 103.25, T,   0, WS2812B
D164, WS2812B, 283.25, 103.25, T,   0, WS2812B
D165, WS2812B, 298.25, 103.25, T,   0, WS2812B
D166, WS2812B, 313.25, 103.25, T,   0, WS2812B
D167, WS2812B, 328.25, 103.25, T,   0, WS2812B
D168, WS2812B, 343.25, 103.25, T,   0, WS2812B
D169, WS2812B, 13.25, 88.25, T,   0, WS2812B
D170, WS2812B, 28.25, 88.25, T,   0, WS2812B
D171, WS2812B, 43.25, 88.25, T,   0, WS2812B
D172, WS2812B, 58.25, 88.25, T,   0, WS2812B
D173, WS2812B, 73.25, 88.25, T,   0, WS2812B
D174, WS2812B, 88.25, 88.25, T,   0, WS2812B
D175, WS2812B, 103.25, 88.25, T,   0, WS2812B
D176, WS2812B, 118.25, 88.25, T,   0, WS2812B
D177, WS2812B, 133.25, 88.25, T,   0, WS2812B
D178, WS2812B, 148.25, 88.25, T,   0, WS2812B
D179, WS2812B, 163.25, 88.25, T,   0, WS2812B
D180, WS2812B, 178.25, 88.25, T,   0, WS2812B
D181, WS2812B, 193.25, 88.25, T,   0, WS2812B
D182, WS2812B, 208.25, 88.25, T,   0, WS2812B
D183, WS2812B, 223.25, 88.25, T,   0, WS2812B
D184, WS2812B, 238.25, 88.25, T,   0, WS2812B
D185, WS2812B, 253.25, 88.25, T,   0, WS2812B
D186, WS2812B, 268.25, 88.25, T,   0, WS2812B
D187, WS2812B, 313.25, 88.25, T,   0, WS2812B
D188, WS2812B, 328.25, 88.25, T,   0, WS2812B
D189, WS2812B, 343.25, 88.25, T,   0, WS2812B
D190, WS2812B, 13.25, 73.25, T,   0, WS2812B
D191, WS2812B, 28.25, 73.25, T,   0, WS2812B
D192, WS2812B, 43.25, 73.25, T,   0, WS2812B
D193, WS2812B, 58.25, 73.25, T,   0, WS2812B
D194, WS2812B, 73.25, 73.25, T,   0, WS2812B
D195, WS2812B, 88.25, 73.25, T,   0, WS2812B
D196, WS2812B, 103.25, 73.25, T,   0, WS2812B
D197, WS2812B, 118.25, 73.25, T,   0, WS2812B
D198, WS2812B, 133.25, 73.25, T,   0, WS2812B
D199, WS2812B, 148.25, 73.25, T,   0, WS2812B
D200, WS2812B, 163.25, 73.25, T,   0, WS2812B
D201, WS2812B, 178.25, 73.25, T,   0, WS2812B
D202, WS2812B, 193.25, 73.25, T,   0, WS2812B
D203, WS2812B, 208.25, 73.25, T,   0, WS2812B
D204, WS2812B, 223.25, 73.25, T,   0, WS2812B
D205, WS2812B, 238.25, 73.25, T,   0, WS2812B
D206, WS2812B, 253.25, 73.25, T,   0, WS2812B
D207, WS2812B, 298.25, 73.25, T,   0, WS2812B
D208, WS2812B, 313.25, 73.25, T,   0, WS2812B
D209, WS2812B, 328.25, 73.25, T,   0, WS2812B
D210, WS2812B, 343.25, 73.25, T,   0, WS2812B
D211, WS2812B, 328.25, 208.25, T,   0, WS2812B
D212, WS2812B, 28.25, 43.25, T,   0, WS2812B
D213, WS2812B, 43.25, 43.25, T,   0, WS2812B
D214, WS2812B, 58.25, 43.25, T,   0, WS2812B
D215, WS2812B, 73.25, 43.25, T,   0, WS2812B
D216, WS2812B, 88.25, 43.25, T,   0, WS2812B
D217, WS2812B, 103.25, 43.25, T,   0, WS2812B
D218, WS2812B, 118.25, 43.25, T,   0, WS2812B
D219, WS2812B, 133.25, 43.25, T,   0, WS2812B
D220, WS2812B, 148.25, 43.25, T,   0, WS2812B
D221, WS2812B, 163.25, 43.25, T,   0, WS2812B
D222, WS2812B, 178.25, 43.25, T,   0, WS2812B
D223, WS2812B, 193.25, 43.25, T,   0, WS2812B
D224, WS2812B, 208.25, 43.25, T,   0, WS2812B
D225, WS2812B, 223.25, 43.25, T,   0, WS2812B
D226, WS2812B, 238.25, 43.25, T,   0, WS2812B
D227, WS2812B, 253.25, 43.25, T,   0, WS2812B
D228, WS2812B, 268.25, 43.25, T,   0, WS2812B
D229, WS2812B, 283.25, 43.25, T,   0, WS2812B
D230, WS2812B, 328.25, 43.25, T,   0, WS2812B
D231, WS2812B, 343.25, 43.25, T,   0, WS2812B
D232, WS2812B, 88.25, 28.25, T,   0, WS2812B
D233, WS2812B, 103.25, 28.25, T,   0, WS2812B
D234, WS2812B, 118.25, 28.25, T,   0, WS2812B
D235, WS2812B, 133.25, 28.25, T,   0, WS2812B
D236, WS2812B, 148.25, 28.25, T,   0, WS2812B
D237, WS2812B, 163.25, 28.25, T,   0, WS2812B
D238, WS2812B, 178.25, 28.25, T,   0, WS2812B
D239, WS2812B, 193.25, 28.25, T,   0, WS2812B
D240, WS2812B, 208.25, 28.25, T,   0, WS2812B
D241, WS2812B, 223.25, 28.25, T,   0, WS2812B
D242, WS2812B, 238.25, 28.25, T,   0, WS2812B
D243, WS2812B, 253.25, 28.25, T,   0, WS2812B
D244, WS2812B, 268.25, 28.25, T,   0, WS2812B
D245, WS2812B, 313.25, 28.25, T,   0, WS2812B
D246, WS2812B, 328.25, 28.25, T,   0, WS2812B
D247, WS2812B, 343.25, 28.25, T,   0, WS2812B
D248, WS2812B, 13.25, 43.25, T,   0, WS2812B
D250, WS2812B, 73.25, 13.25, T,   0, WS2812B
D251, WS2812B, 88.25, 13.25, T,   0, WS2812B
D252, WS2812B, 103.25, 13.25, T,   0, WS2812B
D253, WS2812B, 118.25, 13.25, T,   0, WS2812B
D254, WS2812B, 133.25, 13.25, T,   0, WS2812B
D255, WS2812B, 149.50, 13.25, T,   0, WS2812B
D256, WS2812B, 208.25, 13.25, T,   0, WS2812B
D257, WS2812B, 223.25, 13.25, T,   0, WS2812B
D258, WS2812B, 238.25, 13.25, T,   0, WS2812B
D259, WS2812B, 253.25, 13.25, T,   0, WS2812B
D260, WS2812B, 313.25, 13.25, T,   0, WS2812B
D261, WS2812B, 328.25, 13.25, T,   0, WS2812B
D262, WS2812B, 28.25, 58.25, T,   0, WS2812B
D263, WS2812B, 328.25, 193.25, T,   0, WS2812B
D264, WS2812B, 343.25, 193.25, T,   0, WS2812B
D265, WS2812B, 328.25, 178.25, T,   0, WS2812B
D266, WS2812B, 343.25, 178.25, T,   0, WS2812B
D267, WS2812B, 313.25, 163.25, T,   0, WS2812B
D268, WS2812B, 328.25, 163.25, T,   0, WS2812B
D269, WS2812B, 328.25, 148.25, T,   0, WS2812B
D270, WS2812B, 343.25, 148.25, T,   0, WS2812B
D271, WS2812B, 328.25, 133.25, T,   0, WS2812B
D272, WS2812B, 343.25, 133.25, T,   0, WS2812B
D273, WS2812B, 328.25, 118.25, T,   0, WS2812B
D274, WS2812B, 343.25, 118.25, T,   0, WS2812B
D275, WS2812B, 208.25, 103.25, T,   0, WS2812B
D276, WS2812B, 223.25, 103.25, T,   0, WS2812B
D277, WS2812B, 283.25, 88.25, T,   0, WS2812B
D278, WS2812B, 298.25, 88.25, T,   0, WS2812B
D279, WS2812B, 268.25, 73.25, T,   0, WS2812B
D280, WS2812B, 283.25, 73.25, T,   0, WS2812B
D281, WS2812B, 298.25, 43.25, T,   0, WS2812B
D282, WS2812B, 313.25, 43.25, T,   0, WS2812B
D283, WS2812B, 283.25, 28.25, T,   0, WS2812B
D284, WS2812B, 298.25, 28.25, T,   0, WS2812B
D285, WS2812B, 268.25, 13.25, T,   0, WS2812B
D286, WS2812B, 283.25, 13.25, T,   0, WS2812B
D287, WS2812B, 43.25, 58.25, T,   0, WS2812B
D288, WS2812B, 298.25, 13.25, T,   0, WS2812B
D289, WS2812B, 58.25, 58.25, T,   0, WS2812B
D290, WS2812B, 73.25, 58.25, T,   0, WS2812B
D291, WS2812B, 88.25, 58.25, T,   0, WS2812B
D292, WS2812B, 103.25, 58.25, T,   0, WS2812B
D293, WS2812B, 118.25, 58.25, T,   0, WS2812B
D294, WS2812B, 133.25, 58.25, T,   0, WS2812B
D295, WS2812B, 163.25, 58.25, T,   0, WS2812B
D296, WS2812B, 178.25, 58.25, T,   0, WS2812B
D297, WS2812B, 193.25, 58.25, T,   0, WS2812B
D298, WS2812B, 208.25, 58.25, T,   0, WS2812B
D299, WS2812B, 148.01, 58.25, T,   0, WS2812B
D300, WS2812B, 223.25, 58.25, T,   0, WS2812B
D301, WS2812B, 238.25, 58.25, T,   0, WS2812B
D302, WS2812B, 253.25, 58.25, T,   0, WS2812B
D303, WS2812B, 268.25, 58.25, T,   0, WS2812B
D304, WS2812B, 283.25, 58.25, T,   0, WS2812B
D305, WS2812B, 298.25, 58.25, T,   0, WS2812B
D306, WS2812B, 313.25, 58.25, T,   0, WS2812B
D307, WS2812B, 328.25, 58.25, T,   0, WS2812B
D308, WS2812B, 343.25, 58.25, T,   0, WS2812B
D309, WS2812B, 13.25, 28.25, T,   0, WS2812B
D310, WS2812B, 28.25, 28.25, T,   0, WS2812B
D311, WS2812B, 58.25, 28.25, T,   0, WS2812B
D315, WS2812B, 73.25, 28.25, T,   0, WS2812B
FD2, FIDUCIAL-MICRO,  9.50, 48.25, T,   0, FIDUCIALUFIDUCIAL
FD4, FIDUCIAL-MICRO,  1.00,  2.00, T,   0, FIDUCIALUFIDUCIAL
J2, USB-C-16P, 362.47, 29.00, T,  90, USB Female Type C Connector
J3, AUDIO_JACK_3.5MM_TRRS_SMD_RA, 359.25, 47.00, T, 180, AUDIO_JACK_TRRSSMD_RA
JP1, SMT-JUMPER_2_NO_NO-SILK, 13.25, 58.25, T,   0, JUMPER-SMT_2_NO_NO-SILK
JP2, SMT-JUMPER_2_NO_NO-SILK, 28.25, 208.25, T,   0, JUMPER-SMT_2_NO_NO-SILK
JP3, SMT-JUMPER_2_NO_NO-SILK, 43.25, 208.25, T,   0, JUMPER-SMT_2_NO_NO-SILK
JP4, SMT-JUMPER_2_NO_NO-SILK, 58.25, 208.25, T,   0, JUMPER-SMT_2_NO_NO-SILK
JP5, SMT-JUMPER_2_NO_NO-SILK, 73.25, 208.25, T,   0, JUMPER-SMT_2_NO_NO-SILK
JP6, SMT-JUMPER_2_NO_NO-SILK, 88.25, 208.25, T,   0, JUMPER-SMT_2_NO_NO-SILK
JP7, SMT-JUMPER_2_NO_NO-SILK, 103.25, 208.25, T,   0, JUMPER-SMT_2_NO_NO-SILK
JP8, SMT-JUMPER_2_NO_NO-SILK, 118.25, 208.25, T,   0, JUMPER-SMT_2_NO_NO-SILK
JP9, SMT-JUMPER_2_NO_NO-SILK, 133.25, 208.25, T,   0, JUMPER-SMT_2_NO_NO-SILK
JP10, SMT-JUMPER_2_NO_NO-SILK, 148.25, 208.25, T,   0, JUMPER-SMT_2_NO_NO-SILK
JP11, SMT-JUMPER_2_NO_NO-SILK,  5.00, 200.00, T, 270, JUMPER-SMT_2_NO_NO-SILK
JP12, SMT-JUMPER_2_NO_NO-SILK,  5.00, 185.00, T, 270, JUMPER-SMT_2_NO_NO-SILK
JP13, SMT-JUMPER_2_NO_NO-SILK,  5.00, 170.00, T, 270, JUMPER-SMT_2_NO_NO-SILK
JP14, SMT-JUMPER_2_NO_NO-SILK, 208.25, 208.25, T,   0, JUMPER-SMT_2_NO_NO-SILK
JP15, SMT-JUMPER_2_NO_NO-SILK, 223.25, 208.25, T,   0, JUMPER-SMT_2_NO_NO-SILK
JP16, SMT-JUMPER_2_NO_NO-SILK, 238.25, 208.25, T,   0, JUMPER-SMT_2_NO_NO-SILK
JP17, SMT-JUMPER_2_NO_NO-SILK, 253.25, 208.25, T,   0, JUMPER-SMT_2_NO_NO-SILK
JP18, SMT-JUMPER_2_NO_NO-SILK, 268.25, 208.25, T,   0, JUMPER-SMT_2_NO_NO-SILK
JP19, SMT-JUMPER_2_NO_NO-SILK, 283.25, 208.25, T,   0, JUMPER-SMT_2_NO_NO-SILK
JP20, SMT-JUMPER_2_NO_NO-SILK, 298.25, 208.25, T,   0, JUMPER-SMT_2_NO_NO-SILK
JP21, SMT-JUMPER_2_NO_NO-SILK, 313.25, 208.25, T,   0, JUMPER-SMT_2_NO_NO-SILK
JP22, SMT-JUMPER_2_NO_NO-SILK, 13.25, 193.25, T,   0, JUMPER-SMT_2_NO_NO-SILK
JP23, SMT-JUMPER_2_NO_NO-SILK, 28.25, 193.25, T,   0, JUMPER-SMT_2_NO_NO-SILK
JP24, SMT-JUMPER_2_NO_NO-SILK, 43.25, 193.25, T,   0, JUMPER-SMT_2_NO_NO-SILK
JP25, SMT-JUMPER_2_NO_NO-SILK, 58.25, 193.25, T,   0, JUMPER-SMT_2_NO_NO-SILK
JP26, SMT-JUMPER_2_NO_NO-SILK, 73.25, 193.25, T,   0, JUMPER-SMT_2_NO_NO-SILK
JP27, SMT-JUMPER_2_NO_NO-SILK, 88.25, 193.25, T,   0, JUMPER-SMT_2_NO_NO-SILK
JP28, SMT-JUMPER_2_NO_NO-SILK, 103.25, 193.25, T,   0, JUMPER-SMT_2_NO_NO-SILK
JP29, SMT-JUMPER_2_NO_NO-SILK, 118.25, 193.25, T,   0, JUMPER-SMT_2_NO_NO-SILK
JP30, SMT-JUMPER_2_NO_NO-SILK, 133.25, 193.25, T,   0, JUMPER-SMT_2_NO_NO-SILK
JP31, SMT-JUMPER_2_NO_NO-SILK, 148.25, 193.25, T,   0, JUMPER-SMT_2_NO_NO-SILK
JP32, SMT-JUMPER_2_NO_NO-SILK, 163.25, 193.25, T,   0, JUMPER-SMT_2_NO_NO-SILK
JP33, SMT-JUMPER_2_NO_NO-SILK, 178.25, 193.25, T,   0, JUMPER-SMT_2_NO_NO-SILK
JP34, SMT-JUMPER_2_NO_NO-SILK, 193.25, 193.25, T,   0, JUMPER-SMT_2_NO_NO-SILK
JP35, SMT-JUMPER_2_NO_NO-SILK, 208.25, 193.25, T,   0, JUMPER-SMT_2_NO_NO-SILK
JP36, SMT-JUMPER_2_NO_NO-SILK, 223.25, 193.25, T,   0, JUMPER-SMT_2_NO_NO-SILK
JP37, SMT-JUMPER_2_NO_NO-SILK, 238.25, 193.25, T,   0, JUMPER-SMT_2_NO_NO-SILK
JP38, SMT-JUMPER_2_NO_NO-SILK, 253.25, 193.25, T,   0, JUMPER-SMT_2_NO_NO-SILK
JP39, SMT-JUMPER_2_NO_NO-SILK, 268.25, 193.25, T,   0, JUMPER-SMT_2_NO_NO-SILK
JP40, SMT-JUMPER_2_NO_NO-SILK, 283.25, 193.25, T,   0, JUMPER-SMT_2_NO_NO-SILK
JP41, SMT-JUMPER_2_NO_NO-SILK, 298.25, 193.25, T,   0, JUMPER-SMT_2_NO_NO-SILK
JP42, SMT-JUMPER_2_NO_NO-SILK, 313.25, 193.25, T,   0, JUMPER-SMT_2_NO_NO-SILK
JP43, SMT-JUMPER_2_NO_NO-SILK, 13.25, 178.25, T,   0, JUMPER-SMT_2_NO_NO-SILK
JP44, SMT-JUMPER_2_NO_NO-SILK, 28.25, 178.25, T,   0, JUMPER-SMT_2_NO_NO-SILK
JP45, SMT-JUMPER_2_NO_NO-SILK, 43.25, 178.25, T,   0, JUMPER-SMT_2_NO_NO-SILK
JP46, SMT-JUMPER_2_NO_NO-SILK, 58.25, 178.25, T,   0, JUMPER-SMT_2_NO_NO-SILK
JP47, SMT-JUMPER_2_NO_NO-SILK, 73.25, 178.25, T,   0, JUMPER-SMT_2_NO_NO-SILK
JP48, SMT-JUMPER_2_NO_NO-SILK, 88.25, 178.25, T,   0, JUMPER-SMT_2_NO_NO-SILK
JP49, SMT-JUMPER_2_NO_NO-SILK, 103.25, 178.25, T,   0, JUMPER-SMT_2_NO_NO-SILK
JP50, SMT-JUMPER_2_NO_NO-SILK, 118.25, 178.25, T,   0, JUMPER-SMT_2_NO_NO-SILK
JP51, SMT-JUMPER_2_NO_NO-SILK, 133.25, 178.25, T,   0, JUMPER-SMT_2_NO_NO-SILK
JP52, SMT-JUMPER_2_NO_NO-SILK, 148.25, 178.25, T,   0, JUMPER-SMT_2_NO_NO-SILK
JP53, SMT-JUMPER_2_NO_NO-SILK, 163.25, 178.25, T,   0, JUMPER-SMT_2_NO_NO-SILK
JP54, SMT-JUMPER_2_NO_NO-SILK, 178.25, 178.25, T,   0, JUMPER-SMT_2_NO_NO-SILK
JP55, SMT-JUMPER_2_NO_NO-SILK, 193.25, 178.25, T,   0, JUMPER-SMT_2_NO_NO-SILK
JP56, SMT-JUMPER_2_NO_NO-SILK, 208.25, 178.25, T,   0, JUMPER-SMT_2_NO_NO-SILK
JP57, SMT-JUMPER_2_NO_NO-SILK, 223.25, 178.25, T,   0, JUMPER-SMT_2_NO_NO-SILK
JP58, SMT-JUMPER_2_NO_NO-SILK, 238.25, 178.25, T,   0, JUMPER-SMT_2_NO_NO-SILK
JP59, SMT-JUMPER_2_NO_NO-SILK, 253.25, 178.25, T,   0, JUMPER-SMT_2_NO_NO-SILK
JP60, SMT-JUMPER_2_NO_NO-SILK, 268.25, 178.25, T,   0, JUMPER-SMT_2_NO_NO-SILK
JP61, SMT-JUMPER_2_NO_NO-SILK, 283.25, 178.25, T,   0, JUMPER-SMT_2_NO_NO-SILK
JP62, SMT-JUMPER_2_NO_NO-SILK, 298.25, 178.25, T,   0, JUMPER-SMT_2_NO_NO-SILK
JP63, SMT-JUMPER_2_NO_NO-SILK, 313.25, 178.25, T,   0, JUMPER-SMT_2_NO_NO-SILK
JP64, SMT-JUMPER_2_NO_NO-SILK, 13.25, 163.25, T,   0, JUMPER-SMT_2_NO_NO-SILK
JP65, SMT-JUMPER_2_NO_NO-SILK, 28.25, 163.25, T,   0, JUMPER-SMT_2_NO_NO-SILK
JP66, SMT-JUMPER_2_NO_NO-SILK, 43.25, 163.25, T,   0, JUMPER-SMT_2_NO_NO-SILK
JP67, SMT-JUMPER_2_NO_NO-SILK, 58.25, 163.25, T,   0, JUMPER-SMT_2_NO_NO-SILK
JP68, SMT-JUMPER_2_NO_NO-SILK, 73.25, 163.25, T,   0, JUMPER-SMT_2_NO_NO-SILK
JP69, SMT-JUMPER_2_NO_NO-SILK, 88.25, 163.25, T,   0, JUMPER-SMT_2_NO_NO-SILK
JP70, SMT-JUMPER_2_NO_NO-SILK, 103.25, 163.25, T,   0, JUMPER-SMT_2_NO_NO-SILK
JP71, SMT-JUMPER_2_NO_NO-SILK, 118.25, 163.25, T,   0, JUMPER-SMT_2_NO_NO-SILK
JP72, SMT-JUMPER_2_NO_NO-SILK, 133.25, 163.25, T,   0, JUMPER-SMT_2_NO_NO-SILK
JP73, SMT-JUMPER_2_NO_NO-SILK, 148.25, 163.25, T,   0, JUMPER-SMT_2_NO_NO-SILK
JP74, SMT-JUMPER_2_NO_NO-SILK, 163.25, 163.25, T,   0, JUMPER-SMT_2_NO_NO-SILK
JP75, SMT-JUMPER_2_NO_NO-SILK, 178.25, 163.25, T,   0, JUMPER-SMT_2_NO_NO-SILK
JP76, SMT-JUMPER_2_NO_NO-SILK, 193.25, 163.25, T,   0, JUMPER-SMT_2_NO_NO-SILK
JP77, SMT-JUMPER_2_NO_NO-SILK, 208.25, 163.25, T,   0, JUMPER-SMT_2_NO_NO-SILK
JP78, SMT-JUMPER_2_NO_NO-SILK, 223.25, 163.25, T,   0, JUMPER-SMT_2_NO_NO-SILK
JP79, SMT-JUMPER_2_NO_NO-SILK, 238.25, 163.25, T,   0, JUMPER-SMT_2_NO_NO-SILK
JP80, SMT-JUMPER_2_NO_NO-SILK, 253.25, 163.25, T,   0, JUMPER-SMT_2_NO_NO-SILK
JP81, SMT-JUMPER_2_NO_NO-SILK, 268.25, 163.25, T,   0, JUMPER-SMT_2_NO_NO-SILK
JP82, SMT-JUMPER_2_NO_NO-SILK, 283.25, 163.25, T,   0, JUMPER-SMT_2_NO_NO-SILK
JP83, SMT-JUMPER_2_NO_NO-SILK, 298.25, 163.25, T,   0, JUMPER-SMT_2_NO_NO-SILK
JP84, SMT-JUMPER_2_NO_NO-SILK, 343.25, 163.25, T,   0, JUMPER-SMT_2_NO_NO-SILK
JP85, SMT-JUMPER_2_NO_NO-SILK, 13.25, 148.25, T,   0, JUMPER-SMT_2_NO_NO-SILK
JP86, SMT-JUMPER_2_NO_NO-SILK, 28.25, 148.25, T,   0, JUMPER-SMT_2_NO_NO-SILK
JP87, SMT-JUMPER_2_NO_NO-SILK, 43.25, 148.25, T,   0, JUMPER-SMT_2_NO_NO-SILK
JP88, SMT-JUMPER_2_NO_NO-SILK, 58.25, 148.25, T,   0, JUMPER-SMT_2_NO_NO-SILK
JP89, SMT-JUMPER_2_NO_NO-SILK, 73.25, 148.25, T,   0, JUMPER-SMT_2_NO_NO-SILK
JP90, SMT-JUMPER_2_NO_NO-SILK, 88.25, 148.25, T,   0, JUMPER-SMT_2_NO_NO-SILK
JP91, SMT-JUMPER_2_NO_NO-SILK, 103.25, 148.25, T,   0, JUMPER-SMT_2_NO_NO-SILK
JP92, SMT-JUMPER_2_NO_NO-SILK, 118.25, 148.25, T,   0, JUMPER-SMT_2_NO_NO-SILK
JP93, SMT-JUMPER_2_NO_NO-SILK, 133.25, 148.25, T,   0, JUMPER-SMT_2_NO_NO-SILK
JP94, SMT-JUMPER_2_NO_NO-SILK, 148.25, 148.25, T,   0, JUMPER-SMT_2_NO_NO-SILK
JP95, SMT-JUMPER_2_NO_NO-SILK, 163.25, 148.25, T,   0, JUMPER-SMT_2_NO_NO-SILK
JP96, SMT-JUMPER_2_NO_NO-SILK, 178.25, 148.25, T,   0, JUMPER-SMT_2_NO_NO-SILK
JP97, SMT-JUMPER_2_NO_NO-SILK, 193.25, 148.25, T,   0, JUMPER-SMT_2_NO_NO-SILK
JP98, SMT-JUMPER_2_NO_NO-SILK, 208.25, 148.25, T,   0, JUMPER-SMT_2_NO_NO-SILK
JP99, SMT-JUMPER_2_NO_NO-SILK, 223.25, 148.25, T,   0, JUMPER-SMT_2_NO_NO-SILK
JP100, SMT-JUMPER_2_NO_NO-SILK, 238.25, 148.25, T,   0, JUMPER-SMT_2_NO_NO-SILK
JP101, SMT-JUMPER_2_NO_NO-SILK, 253.25, 148.25, T,   0, JUMPER-SMT_2_NO_NO-SILK
JP102, SMT-JUMPER_2_NO_NO-SILK, 268.25, 148.25, T,   0, JUMPER-SMT_2_NO_NO-SILK
JP103, SMT-JUMPER_2_NO_NO-SILK, 283.25, 148.25, T,   0, JUMPER-SMT_2_NO_NO-SILK
JP104, SMT-JUMPER_2_NO_NO-SILK, 298.25, 148.25, T,   0, JUMPER-SMT_2_NO_NO-SILK
JP105, SMT-JUMPER_2_NO_NO-SILK, 313.25, 148.25, T,   0, JUMPER-SMT_2_NO_NO-SILK
JP106, SMT-JUMPER_2_NO_NO-SILK, 13.25, 133.25, T,   0, JUMPER-SMT_2_NO_NO-SILK
JP107, SMT-JUMPER_2_NO_NO-SILK, 28.25, 133.25, T,   0, JUMPER-SMT_2_NO_NO-SILK
JP108, SMT-JUMPER_2_NO_NO-SILK, 43.25, 133.25, T,   0, JUMPER-SMT_2_NO_NO-SILK
JP109, SMT-JUMPER_2_NO_NO-SILK, 58.25, 133.25, T,   0, JUMPER-SMT_2_NO_NO-SILK
JP110, SMT-JUMPER_2_NO_NO-SILK, 73.25, 133.25, T,   0, JUMPER-SMT_2_NO_NO-SILK
JP111, SMT-JUMPER_2_NO_NO-SILK, 88.25, 133.25, T,   0, JUMPER-SMT_2_NO_NO-SILK
JP112, SMT-JUMPER_2_NO_NO-SILK, 103.25, 133.25, T,   0, JUMPER-SMT_2_NO_NO-SILK
JP113, SMT-JUMPER_2_NO_NO-SILK, 118.25, 133.25, T,   0, JUMPER-SMT_2_NO_NO-SILK
JP114, SMT-JUMPER_2_NO_NO-SILK, 133.25, 133.25, T,   0, JUMPER-SMT_2_NO_NO-SILK
JP115, SMT-JUMPER_2_NO_NO-SILK, 148.25, 133.25, T,   0, JUMPER-SMT_2_NO_NO-SILK
JP116, SMT-JUMPER_2_NO_NO-SILK, 163.25, 133.25, T,   0, JUMPER-SMT_2_NO_NO-SILK
JP117, SMT-JUMPER_2_NO_NO-SILK, 178.25, 133.25, T,   0, JUMPER-SMT_2_NO_NO-SILK
JP118, SMT-JUMPER_2_NO_NO-SILK, 193.25, 133.25, T,   0, JUMPER-SMT_2_NO_NO-SILK
JP119, SMT-JUMPER_2_NO_NO-SILK, 208.25, 133.25, T,   0, JUMPER-SMT_2_NO_NO-SILK
JP120, SMT-JUMPER_2_NO_NO-SILK, 223.25, 133.25, T,   0, JUMPER-SMT_2_NO_NO-SILK
JP121, SMT-JUMPER_2_NO_NO-SILK, 238.25, 133.25, T,   0, JUMPER-SMT_2_NO_NO-SILK
JP122, SMT-JUMPER_2_NO_NO-SILK, 253.25, 133.25, T,   0, JUMPER-SMT_2_NO_NO-SILK
JP123, SMT-JUMPER_2_NO_NO-SILK, 268.25, 133.25, T,   0, JUMPER-SMT_2_NO_NO-SILK
JP124, SMT-JUMPER_2_NO_NO-SILK, 283.25, 133.25, T,   0, JUMPER-SMT_2_NO_NO-SILK
JP125, SMT-JUMPER_2_NO_NO-SILK, 298.25, 133.25, T,   0, JUMPER-SMT_2_NO_NO-SILK
JP126, SMT-JUMPER_2_NO_NO-SILK, 313.25, 133.25, T,   0, JUMPER-SMT_2_NO_NO-SILK
JP127, SMT-JUMPER_2_NO_NO-SILK, 13.25, 118.25, T,   0, JUMPER-SMT_2_NO_NO-SILK
JP128, SMT-JUMPER_2_NO_NO-SILK, 28.25, 118.25, T,   0, JUMPER-SMT_2_NO_NO-SILK
JP129, SMT-JUMPER_2_NO_NO-SILK, 43.25, 118.25, T,   0, JUMPER-SMT_2_NO_NO-SILK
JP130, SMT-JUMPER_2_NO_NO-SILK, 58.25, 118.25, T,   0, JUMPER-SMT_2_NO_NO-SILK
JP131, SMT-JUMPER_2_NO_NO-SILK, 73.25, 118.25, T,   0, JUMPER-SMT_2_NO_NO-SILK
JP132, SMT-JUMPER_2_NO_NO-SILK, 88.25, 118.25, T,   0, JUMPER-SMT_2_NO_NO-SILK
JP133, SMT-JUMPER_2_NO_NO-SILK, 103.25, 118.25, T,   0, JUMPER-SMT_2_NO_NO-SILK
JP134, SMT-JUMPER_2_NO_NO-SILK, 118.25, 118.25, T,   0, JUMPER-SMT_2_NO_NO-SILK
JP135, SMT-JUMPER_2_NO_NO-SILK, 133.25, 118.25, T,   0, JUMPER-SMT_2_NO_NO-SILK
JP136, SMT-JUMPER_2_NO_NO-SILK, 148.25, 118.25, T,   0, JUMPER-SMT_2_NO_NO-SILK
JP137, SMT-JUMPER_2_NO_NO-SILK, 163.25, 118.25, T,   0, JUMPER-SMT_2_NO_NO-SILK
JP138, SMT-JUMPER_2_NO_NO-SILK, 178.25, 118.25, T,   0, JUMPER-SMT_2_NO_NO-SILK
JP139, SMT-JUMPER_2_NO_NO-SILK, 193.25, 118.25, T,   0, JUMPER-SMT_2_NO_NO-SILK
JP140, SMT-JUMPER_2_NO_NO-SILK, 208.25, 118.25, T,   0, JUMPER-SMT_2_NO_NO-SILK
JP141, SMT-JUMPER_2_NO_NO-SILK, 223.25, 118.25, T,   0, JUMPER-SMT_2_NO_NO-SILK
JP142, SMT-JUMPER_2_NO_NO-SILK, 238.25, 118.25, T,   0, JUMPER-SMT_2_NO_NO-SILK
JP143, SMT-JUMPER_2_NO_NO-SILK, 253.25, 118.25, T,   0, JUMPER-SMT_2_NO_NO-SILK
JP144, SMT-JUMPER_2_NO_NO-SILK, 268.25, 118.25, T,   0, JUMPER-SMT_2_NO_NO-SILK
JP145, SMT-JUMPER_2_NO_NO-SILK, 283.25, 118.25, T,   0, JUMPER-SMT_2_NO_NO-SILK
JP146, SMT-JUMPER_2_NO_NO-SILK, 298.25, 118.25, T,   0, JUMPER-SMT_2_NO_NO-SILK
JP147, SMT-JUMPER_2_NO_NO-SILK, 313.25, 118.25, T,   0, JUMPER-SMT_2_NO_NO-SILK
JP148, SMT-JUMPER_2_NO_NO-SILK, 13.25, 103.25, T,   0, JUMPER-SMT_2_NO_NO-SILK
JP149, SMT-JUMPER_2_NO_NO-SILK, 28.25, 103.25, T,   0, JUMPER-SMT_2_NO_NO-SILK
JP150, SMT-JUMPER_2_NO_NO-SILK, 43.25, 103.25, T,   0, JUMPER-SMT_2_NO_NO-SILK
JP151, SMT-JUMPER_2_NO_NO-SILK, 58.25, 103.25, T,   0, JUMPER-SMT_2_NO_NO-SILK
JP152, SMT-JUMPER_2_NO_NO-SILK, 73.25, 103.25, T,   0, JUMPER-SMT_2_NO_NO-SILK
JP153, SMT-JUMPER_2_NO_NO-SILK, 88.25, 103.25, T,   0, JUMPER-SMT_2_NO_NO-SILK
JP154, SMT-JUMPER_2_NO_NO-SILK, 103.25, 103.25, T,   0, JUMPER-SMT_2_NO_NO-SILK
JP155, SMT-JUMPER_2_NO_NO-SILK, 118.25, 103.25, T,   0, JUMPER-SMT_2_NO_NO-SILK
JP156, SMT-JUMPER_2_NO_NO-SILK, 133.25, 103.25, T,   0, JUMPER-SMT_2_NO_NO-SILK
JP157, SMT-JUMPER_2_NO_NO-SILK, 148.25, 103.25, T,   0, JUMPER-SMT_2_NO_NO-SILK
JP158, SMT-JUMPER_2_NO_NO-SILK, 163.25, 103.25, T,   0, JUMPER-SMT_2_NO_NO-SILK
JP159, SMT-JUMPER_2_NO_NO-SILK, 178.25, 103.25, T,   0, JUMPER-SMT_2_NO_NO-SILK
JP160, SMT-JUMPER_2_NO_NO-SILK, 193.25, 103.25, T,   0, JUMPER-SMT_2_NO_NO-SILK
JP161, SMT-JUMPER_2_NO_NO-SILK, 238.25, 103.25, T,   0, JUMPER-SMT_2_NO_NO-SILK
JP162, SMT-JUMPER_2_NO_NO-SILK, 253.25, 103.25, T,   0, JUMPER-SMT_2_NO_NO-SILK
JP163, SMT-JUMPER_2_NO_NO-SILK, 268.25, 103.25, T,   0, JUMPER-SMT_2_NO_NO-SILK
JP164, SMT-JUMPER_2_NO_NO-SILK, 283.25, 103.25, T,   0, JUMPER-SMT_2_NO_NO-SILK
JP165, SMT-JUMPER_2_NO_NO-SILK, 298.25, 103.25, T,   0, JUMPER-SMT_2_NO_NO-SILK
JP166, SMT-JUMPER_2_NO_NO-SILK, 313.25, 103.25, T,   0, JUMPER-SMT_2_NO_NO-SILK
JP167, SMT-JUMPER_2_NO_NO-SILK, 328.25, 103.25, T,   0, JUMPER-SMT_2_NO_NO-SILK
JP168, SMT-JUMPER_2_NO_NO-SILK, 343.25, 103.25, T,   0, JUMPER-SMT_2_NO_NO-SILK
JP169, SMT-JUMPER_2_NO_NO-SILK, 13.25, 88.25, T,   0, JUMPER-SMT_2_NO_NO-SILK
JP170, SMT-JUMPER_2_NO_NO-SILK, 28.25, 88.25, T,   0, JUMPER-SMT_2_NO_NO-SILK
JP171, SMT-JUMPER_2_NO_NO-SILK, 43.25, 88.25, T,   0, JUMPER-SMT_2_NO_NO-SILK
JP172, SMT-JUMPER_2_NO_NO-SILK, 58.25, 88.25, T,   0, JUMPER-SMT_2_NO_NO-SILK
JP173, SMT-JUMPER_2_NO_NO-SILK, 73.25, 88.25, T,   0, JUMPER-SMT_2_NO_NO-SILK
JP174, SMT-JUMPER_2_NO_NO-SILK, 88.25, 88.25, T,   0, JUMPER-SMT_2_NO_NO-SILK
JP175, SMT-JUMPER_2_NO_NO-SILK, 103.25, 88.25, T,   0, JUMPER-SMT_2_NO_NO-SILK
JP176, SMT-JUMPER_2_NO_NO-SILK, 118.25, 88.25, T,   0, JUMPER-SMT_2_NO_NO-SILK
JP177, SMT-JUMPER_2_NO_NO-SILK, 133.25, 88.25, T,   0, JUMPER-SMT_2_NO_NO-SILK
JP178, SMT-JUMPER_2_NO_NO-SILK, 148.25, 88.25, T,   0, JUMPER-SMT_2_NO_NO-SILK
JP179, SMT-JUMPER_2_NO_NO-SILK, 163.25, 88.25, T,   0, JUMPER-SMT_2_NO_NO-SILK
JP180, SMT-JUMPER_2_NO_NO-SILK, 178.25, 88.25, T,   0, JUMPER-SMT_2_NO_NO-SILK
JP181, SMT-JUMPER_2_NO_NO-SILK, 193.25, 88.25, T,   0, JUMPER-SMT_2_NO_NO-SILK
JP182, SMT-JUMPER_2_NO_NO-SILK, 208.25, 88.25, T,   0, JUMPER-SMT_2_NO_NO-SILK
JP183, SMT-JUMPER_2_NO_NO-SILK, 223.25, 88.25, T,   0, JUMPER-SMT_2_NO_NO-SILK
JP184, SMT-JUMPER_2_NO_NO-SILK, 238.25, 88.25, T,   0, JUMPER-SMT_2_NO_NO-SILK
JP185, SMT-JUMPER_2_NO_NO-SILK, 253.25, 88.25, T,   0, JUMPER-SMT_2_NO_NO-SILK
JP186, SMT-JUMPER_2_NO_NO-SILK, 268.25, 88.25, T,   0, JUMPER-SMT_2_NO_NO-SILK
JP187, SMT-JUMPER_2_NO_NO-SILK, 313.25, 88.25, T,   0, JUMPER-SMT_2_NO_NO-SILK
JP188, SMT-JUMPER_2_NO_NO-SILK, 328.25, 88.25, T,   0, JUMPER-SMT_2_NO_NO-SILK
JP189, SMT-JUMPER_2_NO_NO-SILK, 343.25, 88.25, T,   0, JUMPER-SMT_2_NO_NO-SILK
JP190, SMT-JUMPER_2_NO_NO-SILK, 13.25, 73.25, T,   0, JUMPER-SMT_2_NO_NO-SILK
JP191, SMT-JUMPER_2_NO_NO-SILK, 28.25, 73.25, T,   0, JUMPER-SMT_2_NO_NO-SILK
JP192, SMT-JUMPER_2_NO_NO-SILK, 43.25, 73.25, T,   0, JUMPER-SMT_2_NO_NO-SILK
JP193, SMT-JUMPER_2_NO_NO-SILK, 58.25, 73.25, T,   0, JUMPER-SMT_2_NO_NO-SILK
JP194, SMT-JUMPER_2_NO_NO-SILK, 73.25, 73.25, T,   0, JUMPER-SMT_2_NO_NO-SILK
JP195, SMT-JUMPER_2_NO_NO-SILK, 88.25, 73.25, T,   0, JUMPER-SMT_2_NO_NO-SILK
JP196, SMT-JUMPER_2_NO_NO-SILK, 103.25, 73.25, T,   0, JUMPER-SMT_2_NO_NO-SILK
JP197, SMT-JUMPER_2_NO_NO-SILK, 118.25, 73.25, T,   0, JUMPER-SMT_2_NO_NO-SILK
JP198, SMT-JUMPER_2_NO_NO-SILK, 133.25, 73.25, T,   0, JUMPER-SMT_2_NO_NO-SILK
JP199, SMT-JUMPER_2_NO_NO-SILK, 148.25, 73.25, T,   0, JUMPER-SMT_2_NO_NO-SILK
JP200, SMT-JUMPER_2_NO_NO-SILK, 163.25, 73.25, T,   0, JUMPER-SMT_2_NO_NO-SILK
JP201, SMT-JUMPER_2_NO_NO-SILK, 178.25, 73.25, T,   0, JUMPER-SMT_2_NO_NO-SILK
JP202, SMT-JUMPER_2_NO_NO-SILK, 193.25, 73.25, T,   0, JUMPER-SMT_2_NO_NO-SILK
JP203, SMT-JUMPER_2_NO_NO-SILK, 208.25, 73.25, T,   0, JUMPER-SMT_2_NO_NO-SILK
JP204, SMT-JUMPER_2_NO_NO-SILK, 223.25, 73.25, T,   0, JUMPER-SMT_2_NO_NO-SILK
JP205, SMT-JUMPER_2_NO_NO-SILK, 238.25, 73.25, T,   0, JUMPER-SMT_2_NO_NO-SILK
JP206, SMT-JUMPER_2_NO_NO-SILK, 253.25, 73.25, T,   0, JUMPER-SMT_2_NO_NO-SILK
JP207, SMT-JUMPER_2_NO_NO-SILK, 298.25, 73.25, T,   0, JUMPER-SMT_2_NO_NO-SILK
JP208, SMT-JUMPER_2_NO_NO-SILK, 313.25, 73.25, T,   0, JUMPER-SMT_2_NO_NO-SILK
JP209, SMT-JUMPER_2_NO_NO-SILK, 328.25, 73.25, T,   0, JUMPER-SMT_2_NO_NO-SILK
JP210, SMT-JUMPER_2_NO_NO-SILK, 343.25, 73.25, T,   0, JUMPER-SMT_2_NO_NO-SILK
JP211, SMT-JUMPER_2_NO_NO-SILK, 328.25, 208.25, T,   0, JUMPER-SMT_2_NO_NO-SILK
JP212, SMT-JUMPER_2_NO_NO-SILK, 28.25, 43.25, T,   0, JUMPER-SMT_2_NO_NO-SILK
JP213, SMT-JUMPER_2_NO_NO-SILK, 43.25, 43.25, T,   0, JUMPER-SMT_2_NO_NO-SILK
JP214, SMT-JUMPER_2_NO_NO-SILK, 58.25, 43.25, T,   0, JUMPER-SMT_2_NO_NO-SILK
JP215, SMT-JUMPER_2_NO_NO-SILK, 73.25, 43.25, T,   0, JUMPER-SMT_2_NO_NO-SILK
JP216, SMT-JUMPER_2_NO_NO-SILK, 88.25, 43.25, T,   0, JUMPER-SMT_2_NO_NO-SILK
JP217, SMT-JUMPER_2_NO_NO-SILK, 103.25, 43.25, T,   0, JUMPER-SMT_2_NO_NO-SILK
JP218, SMT-JUMPER_2_NO_NO-SILK, 118.25, 43.25, T,   0, JUMPER-SMT_2_NO_NO-SILK
JP219, SMT-JUMPER_2_NO_NO-SILK, 133.25, 43.25, T,   0, JUMPER-SMT_2_NO_NO-SILK
JP220, SMT-JUMPER_2_NO_NO-SILK, 148.25, 43.25, T,   0, JUMPER-SMT_2_NO_NO-SILK
JP221, SMT-JUMPER_2_NO_NO-SILK, 163.25, 43.25, T,   0, JUMPER-SMT_2_NO_NO-SILK
JP222, SMT-JUMPER_2_NO_NO-SILK, 178.25, 43.25, T,   0, JUMPER-SMT_2_NO_NO-SILK
JP223, SMT-JUMPER_2_NO_NO-SILK, 193.25, 43.25, T,   0, JUMPER-SMT_2_NO_NO-SILK
JP224, SMT-JUMPER_2_NO_NO-SILK, 208.25, 43.25, T,   0, JUMPER-SMT_2_NO_NO-SILK
JP225, SMT-JUMPER_2_NO_NO-SILK, 223.25, 43.25, T,   0, JUMPER-SMT_2_NO_NO-SILK
JP226, SMT-JUMPER_2_NO_NO-SILK, 238.25, 43.25, T,   0, JUMPER-SMT_2_NO_NO-SILK
JP227, SMT-JUMPER_2_NO_NO-SILK, 253.25, 43.25, T,   0, JUMPER-SMT_2_NO_NO-SILK
JP228, SMT-JUMPER_2_NO_NO-SILK, 268.25, 43.25, T,   0, JUMPER-SMT_2_NO_NO-SILK
JP229, SMT-JUMPER_2_NO_NO-SILK, 283.25, 43.25, T,   0, JUMPER-SMT_2_NO_NO-SILK
JP230, SMT-JUMPER_2_NO_NO-SILK, 328.25, 43.25, T,   0, JUMPER-SMT_2_NO_NO-SILK
JP231, SMT-JUMPER_2_NO_NO-SILK, 343.25, 43.25, T,   0, JUMPER-SMT_2_NO_NO-SILK
JP232, SMT-JUMPER_2_NO_NO-SILK, 88.25, 28.25, T,   0, JUMPER-SMT_2_NO_NO-SILK
JP233, SMT-JUMPER_2_NO_NO-SILK, 103.25, 28.25, T,   0, JUMPER-SMT_2_NO_NO-SILK
JP234, SMT-JUMPER_2_NO_NO-SILK, 118.25, 28.25, T,   0, JUMPER-SMT_2_NO_NO-SILK
JP235, SMT-JUMPER_2_NO_NO-SILK, 133.25, 28.25, T,   0, JUMPER-SMT_2_NO_NO-SILK
JP236, SMT-JUMPER_2_NO_NO-SILK, 148.25, 28.25, T,   0, JUMPER-SMT_2_NO_NO-SILK
JP237, SMT-JUMPER_2_NO_NO-SILK, 163.25, 28.25, T,   0, JUMPER-SMT_2_NO_NO-SILK
JP238, SMT-JUMPER_2_NO_NO-SILK, 178.25, 28.25, T,   0, JUMPER-SMT_2_NO_NO-SILK
JP239, SMT-JUMPER_2_NO_NO-SILK, 193.25, 28.25, T,   0, JUMPER-SMT_2_NO_NO-SILK
JP240, SMT-JUMPER_2_NO_NO-SILK, 208.25, 28.25, T,   0, JUMPER-SMT_2_NO_NO-SILK
JP241, SMT-JUMPER_2_NO_NO-SILK, 223.25, 28.25, T,   0, JUMPER-SMT_2_NO_NO-SILK
JP242, SMT-JUMPER_2_NO_NO-SILK, 238.25, 28.25, T,   0, JUMPER-SMT_2_NO_NO-SILK
JP243, SMT-JUMPER_2_NO_NO-SILK, 253.25, 28.25, T,   0, JUMPER-SMT_2_NO_NO-SILK
JP244, SMT-JUMPER_2_NO_NO-SILK, 268.25, 28.25, T,   0, JUMPER-SMT_2_NO_NO-SILK
JP245, SMT-JUMPER_2_NO_NO-SILK, 313.25, 28.25, T,   0, JUMPER-SMT_2_NO_NO-SILK
JP246, SMT-JUMPER_2_NO_NO-SILK, 328.25, 28.25, T,   0, JUMPER-SMT_2_NO_NO-SILK
JP247, SMT-JUMPER_2_NO_NO-SILK, 343.25, 28.25, T,   0, JUMPER-SMT_2_NO_NO-SILK
JP248, SMT-JUMPER_2_NO_NO-SILK, 13.25, 43.25, T,   0, JUMPER-SMT_2_NO_NO-SILK
JP249, SMT-JUMPER_2_NO_NO-SILK,  5.00, 155.00, T, 270, JUMPER-SMT_2_NO_NO-SILK
JP250, SMT-JUMPER_2_NO_NO-SILK, 73.25, 13.25, T,   0, JUMPER-SMT_2_NO_NO-SILK
JP251, SMT-JUMPER_2_NO_NO-SILK, 88.25, 13.25, T,   0, JUMPER-SMT_2_NO_NO-SILK
JP252, SMT-JUMPER_2_NO_NO-SILK, 103.25, 13.25, T,   0, JUMPER-SMT_2_NO_NO-SILK
JP253, SMT-JUMPER_2_NO_NO-SILK, 118.25, 13.25, T,   0, JUMPER-SMT_2_NO_NO-SILK
JP254, SMT-JUMPER_2_NO_NO-SILK, 133.25, 13.25, T,   0, JUMPER-SMT_2_NO_NO-SILK
JP255, SMT-JUMPER_2_NO_NO-SILK, 149.50, 13.25, T,   0, JUMPER-SMT_2_NO_NO-SILK
JP256, SMT-JUMPER_2_NO_NO-SILK, 208.25, 13.25, T,   0, JUMPER-SMT_2_NO_NO-SILK
JP257, SMT-JUMPER_2_NO_NO-SILK, 223.25, 13.25, T,   0, JUMPER-SMT_2_NO_NO-SILK
JP258, SMT-JUMPER_2_NO_NO-SILK, 238.25, 13.25, T,   0, JUMPER-SMT_2_NO_NO-SILK
JP259, SMT-JUMPER_2_NO_NO-SILK, 253.25, 13.25, T,   0, JUMPER-SMT_2_NO_NO-SILK
JP260, SMT-JUMPER_2_NO_NO-SILK, 313.25, 13.25, T,   0, JUMPER-SMT_2_NO_NO-SILK
JP261, SMT-JUMPER_2_NO_NO-SILK, 328.25, 13.25, T,   0, JUMPER-SMT_2_NO_NO-SILK
JP262, SMT-JUMPER_2_NO_NO-SILK, 28.25, 58.25, T,   0, JUMPER-SMT_2_NO_NO-SILK
JP263, SMT-JUMPER_2_NO_NO-SILK, 328.25, 193.25, T,   0, JUMPER-SMT_2_NO_NO-SILK
JP264, SMT-JUMPER_2_NO_NO-SILK, 343.25, 193.25, T,   0, JUMPER-SMT_2_NO_NO-SILK
JP265, SMT-JUMPER_2_NO_NO-SILK, 328.25, 178.25, T,   0, JUMPER-SMT_2_NO_NO-SILK
JP266, SMT-JUMPER_2_NO_NO-SILK, 343.25, 178.25, T,   0, JUMPER-SMT_2_NO_NO-SILK
JP267, SMT-JUMPER_2_NO_NO-SILK, 313.25, 163.25, T,   0, JUMPER-SMT_2_NO_NO-SILK
JP268, SMT-JUMPER_2_NO_NO-SILK, 328.25, 163.25, T,   0, JUMPER-SMT_2_NO_NO-SILK
JP269, SMT-JUMPER_2_NO_NO-SILK, 328.25, 148.25, T,   0, JUMPER-SMT_2_NO_NO-SILK
JP270, SMT-JUMPER_2_NO_NO-SILK, 343.25, 148.25, T,   0, JUMPER-SMT_2_NO_NO-SILK
JP271, SMT-JUMPER_2_NO_NO-SILK, 328.25, 133.25, T,   0, JUMPER-SMT_2_NO_NO-SILK
JP272, SMT-JUMPER_2_NO_NO-SILK, 343.25, 133.25, T,   0, JUMPER-SMT_2_NO_NO-SILK
JP273, SMT-JUMPER_2_NO_NO-SILK, 328.25, 118.25, T,   0, JUMPER-SMT_2_NO_NO-SILK
JP274, SMT-JUMPER_2_NO_NO-SILK, 343.25, 118.25, T,   0, JUMPER-SMT_2_NO_NO-SILK
JP275, SMT-JUMPER_2_NO_NO-SILK, 208.25, 103.25, T,   0, JUMPER-SMT_2_NO_NO-SILK
JP276, SMT-JUMPER_2_NO_NO-SILK, 223.25, 103.25, T,   0, JUMPER-SMT_2_NO_NO-SILK
JP277, SMT-JUMPER_2_NO_NO-SILK, 283.25, 88.25, T,   0, JUMPER-SMT_2_NO_NO-SILK
JP278, SMT-JUMPER_2_NO_NO-SILK, 298.25, 88.25, T,   0, JUMPER-SMT_2_NO_NO-SILK
JP279, SMT-JUMPER_2_NO_NO-SILK, 268.25, 73.25, T,   0, JUMPER-SMT_2_NO_NO-SILK
JP280, SMT-JUMPER_2_NO_NO-SILK, 283.25, 73.25, T,   0, JUMPER-SMT_2_NO_NO-SILK
JP281, SMT-JUMPER_2_NO_NO-SILK, 298.25, 43.25, T,   0, JUMPER-SMT_2_NO_NO-SILK
JP282, SMT-JUMPER_2_NO_NO-SILK, 313.25, 43.25, T,   0, JUMPER-SMT_2_NO_NO-SILK
JP283, SMT-JUMPER_2_NO_NO-SILK, 283.25, 28.25, T,   0, JUMPER-SMT_2_NO_NO-SILK
JP284, SMT-JUMPER_2_NO_NO-SILK, 298.25, 28.25, T,   0, JUMPER-SMT_2_NO_NO-SILK
JP285, SMT-JUMPER_2_NO_NO-SILK, 268.25, 13.25, T,   0, JUMPER-SMT_2_NO_NO-SILK
JP286, SMT-JUMPER_2_NO_NO-SILK, 283.25, 13.25, T,   0, JUMPER-SMT_2_NO_NO-SILK
JP287, SMT-JUMPER_2_NO_NO-SILK, 43.25, 58.25, T,   0, JUMPER-SMT_2_NO_NO-SILK
JP288, SMT-JUMPER_2_NO_NO-SILK, 298.25, 13.25, T,   0, JUMPER-SMT_2_NO_NO-SILK
JP289, SMT-JUMPER_2_NO_NO-SILK, 58.25, 58.25, T,   0, JUMPER-SMT_2_NO_NO-SILK
JP290, SMT-JUMPER_2_NO_NO-SILK, 73.25, 58.25, T,   0, JUMPER-SMT_2_NO_NO-SILK
JP291, SMT-JUMPER_2_NO_NO-SILK, 88.25, 58.25, T,   0, JUMPER-SMT_2_NO_NO-SILK
JP292, SMT-JUMPER_2_NO_NO-SILK, 103.25, 58.25, T,   0, JUMPER-SMT_2_NO_NO-SILK
JP293, SMT-JUMPER_2_NO_NO-SILK, 118.25, 58.25, T,   0, JUMPER-SMT_2_NO_NO-SILK
JP294, SMT-JUMPER_2_NO_NO-SILK, 133.25, 58.25, T,   0, JUMPER-SMT_2_NO_NO-SILK
JP295, SMT-JUMPER_2_NO_NO-SILK, 163.25, 58.25, T,   0, JUMPER-SMT_2_NO_NO-SILK
JP296, SMT-JUMPER_2_NO_NO-SILK, 178.25, 58.25, T,   0, JUMPER-SMT_2_NO_NO-SILK
JP297, SMT-JUMPER_2_NO_NO-SILK, 193.25, 58.25, T,   0, JUMPER-SMT_2_NO_NO-SILK
JP298, SMT-JUMPER_2_NO_NO-SILK, 208.25, 58.25, T,   0, JUMPER-SMT_2_NO_NO-SILK
JP299, SMT-JUMPER_2_NO_NO-SILK, 148.01, 58.25, T,   0, JUMPER-SMT_2_NO_NO-SILK
JP300, SMT-JUMPER_2_NO_NO-SILK, 223.25, 58.25, T,   0, JUMPER-SMT_2_NO_NO-SILK
JP301, SMT-JUMPER_2_NO_NO-SILK, 238.25, 58.25, T,   0, JUMPER-SMT_2_NO_NO-SILK
JP302, SMT-JUMPER_2_NO_NO-SILK, 253.25, 58.25, T,   0, JUMPER-SMT_2_NO_NO-SILK
JP303, SMT-JUMPER_2_NO_NO-SILK, 268.25, 58.25, T,   0, JUMPER-SMT_2_NO_NO-SILK
JP304, SMT-JUMPER_2_NO_NO-SILK, 283.25, 58.25, T,   0, JUMPER-SMT_2_NO_NO-SILK
JP305, SMT-JUMPER_2_NO_NO-SILK, 298.25, 58.25, T,   0, JUMPER-SMT_2_NO_NO-SILK
JP306, SMT-JUMPER_2_NO_NO-SILK, 313.25, 58.25, T,   0, JUMPER-SMT_2_NO_NO-SILK
JP307, SMT-JUMPER_2_NO_NO-SILK, 328.25, 58.25, T,   0, JUMPER-SMT_2_NO_NO-SILK
JP308, SMT-JUMPER_2_NO_NO-SILK, 343.25, 58.25, T,   0, JUMPER-SMT_2_NO_NO-SILK
JP309, SMT-JUMPER_2_NO_NO-SILK, 13.25, 28.25, T,   0, JUMPER-SMT_2_NO_NO-SILK
JP310, SMT-JUMPER_2_NO_NO-SILK, 28.25, 28.25, T,   0, JUMPER-SMT_2_NO_NO-SILK
JP311, SMT-JUMPER_2_NO_NO-SILK, 58.25, 28.25, T,   0, JUMPER-SMT_2_NO_NO-SILK
JP312, SMT-JUMPER_2_NO_NO-SILK,  5.00, 140.00, T, 270, JUMPER-SMT_2_NO_NO-SILK
JP313, SMT-JUMPER_2_NO_NO-SILK,  5.00, 125.00, T, 270, JUMPER-SMT_2_NO_NO-SILK
JP314, SMT-JUMPER_2_NO_NO-SILK,  5.00, 110.00, T, 270, JUMPER-SMT_2_NO_NO-SILK
JP315, SMT-JUMPER_2_NO_NO-SILK, 73.25, 28.25, T,   0, JUMPER-SMT_2_NO_NO-SILK
JP316, SMT-JUMPER_2_NO_NO-SILK,  5.00, 95.00, T, 270, JUMPER-SMT_2_NO_NO-SILK
JP317, SMT-JUMPER_2_NO_NO-SILK,  5.00, 80.00, T, 270, JUMPER-SMT_2_NO_NO-SILK
JP318, SMT-JUMPER_2_NO_NO-SILK,  5.00, 65.00, T, 270, JUMPER-SMT_2_NO_NO-SILK
JP319, SMT-JUMPER_2_NO_NO-SILK,  5.00, 50.00, T, 270, JUMPER-SMT_2_NO_NO-SILK
JP320, SMT-JUMPER_2_NO_NO-SILK,  5.00, 35.00, T, 270, JUMPER-SMT_2_NO_NO-SILK
JP321, SMT-JUMPER_2_NO_NO-SILK, 70.00, 20.00, T, 270, JUMPER-SMT_2_NO_NO-SILK
Q2, SC70-6, 28.48,  8.45, T, 180, MBT3904DW1T1
R1, 0603, 20.51,  5.79, T,   0, 1k
R2, 0603, 25.94,  8.45, T, 270, 10k
R3, 0603, 356.59, 30.34, T,   0, 5.1k
R4, 0603, 356.59, 27.80, T,   0, 5.1k
R5, 0603, 350.24, 46.47, T, 180, 100k
R6, 0603, 350.24, 52.18, T, 180, 100k
R7, 0603, 350.24, 48.37, T,   0, 100k
R8, 0603, 14.00, 19.05, T, 180, 100k
R9, 0603, 32.50, 21.70, T, 270, 10k
R10, 0603, 29.52, 21.67, T,  90, 10k
R11, 0603, 24.00, 17.50, T,   0, 100k
R12, 0603, 350.24, 42.66, T, 180, 100k
R13, 0603, 24.00, 16.00, T, 180, 2.2k
R14, 0603, 352.78, 50.28, T, 270, 1k
R15, 0603, 352.78, 44.56, T, 270, 1k
R16, 0603, 18.78,  8.00, T,   0, 100
R17, 0603, 28.48,  5.91, T,   0, 10k
R18, 0603, 28.48, 10.99, T,   0, 10k
S1, TACTILE_SWITCH_SMD_4.6X2.8MM, 33.56, 10.35, T, 180, RESET
S2, TACTILE_SWITCH_SMD_4.6X2.8MM, 33.56,  6.54, T,   0, 0
U$2, SOT23-5, 24.03, 21.67, T,  90, OPA344
U2, ESP-WROOM-32-NARROW, 46.23, 14.16, T,   0, ESP-WROOM-32NARROW
U3, SOT23-5, 14.22, 22.88, T,   0, AP2112K-3.3V
U4, QFN24, 22.13, 10.35, T,   0, CP2102N
U5, ADMP401, 28.63, 14.91, T,   0, ADMP401
